version,codename
4.9.0,Callsign
4.10.0,Conductor
4.10.1,Compass
4.11.0,Lens
4.12.0,Basket
4.12.1,Continuity
4.12.2,Lifeline
4.13.0,Wayfinder
4.13.1,Relay
4.13.2,Handshake
4.13.3,Swift
4.13.4,Anchor
4.13.5,Beacon
4.13.6,Lighthouse
4.13.7,Signal
4.13.8,Profile
4.14.0,Showcase
4.14.1,Converge
4.14.2,Rejoin
4.15.0,Shortlist
4.16.0,Trolley
4.16.1,Versioned
4.16.2,Isolated
4.16.3,Recovery
4.16.4,Reopen
4.17.0,Gallery
4.18.0,Seamless
4.19.0,Lucid
5.0.0,Unhurried
5.1.0,Doorway
5.1.1,Threshold
5.1.2,Welcome
5.1.3,Signpost
5.1.4,Additive
5.2.0,Gather
5.2.1,Context
5.2.2,Page
6.0.0,Clarity
6.1.0,Pulse
6.1.1,Unison
6.1.2,Cadence
6.1.3,Harbor
6.1.4,Lantern
